City_ID,City,Lat,Lng,Max Temp,Humidity,Cloudiness,Wind Speed,Current Description,Country,Date
0,Catamarca,-28.47,-65.79,72.0,81,10,1.01,clear sky,AR,2020-10-23 03:56:17
1,Nouadhibou,20.93,-17.03,69.8,83,0,18.34,clear sky,MR,2020-10-23 03:56:17
2,Hobart,-42.88,147.33,64.4,48,75,5.82,broken clouds,AU,2020-10-23 03:53:21
3,Narsaq,60.92,-46.05,23.0,73,78,2.24,broken clouds,GL,2020-10-23 03:56:17
4,Vardo,70.37,31.11,35.6,95,75,26.4,broken clouds,NO,2020-10-23 03:56:17
5,Busselton,-33.65,115.33,66.0,53,0,3.0,clear sky,AU,2020-10-23 03:56:18
6,Punta Arenas,-53.15,-70.92,42.8,75,0,3.36,clear sky,CL,2020-10-23 03:56:18
7,Beloha,-25.17,45.05,73.38,67,0,12.06,clear sky,MG,2020-10-23 03:56:18
8,Olafsvik,64.89,-23.71,42.58,70,100,35.81,moderate rain,IS,2020-10-23 03:56:18
9,Dakar,14.69,-17.44,82.4,88,75,9.17,broken clouds,SN,2020-10-23 03:53:23
10,Albany,42.6,-73.97,57.0,85,86,1.23,overcast clouds,US,2020-10-23 03:56:18
11,Ushuaia,-54.8,-68.3,42.8,75,40,20.8,scattered clouds,AR,2020-10-23 03:51:19
12,Rikitea,-23.12,-134.97,74.66,76,80,10.04,broken clouds,PF,2020-10-23 03:56:19
13,Faanui,-16.48,-151.75,79.84,71,34,9.6,scattered clouds,PF,2020-10-23 03:51:17
14,Kalmunai,7.42,81.82,86.94,59,94,1.86,overcast clouds,LK,2020-10-23 03:56:19
15,Bealanana,-14.55,48.73,65.07,70,42,7.23,scattered clouds,MG,2020-10-23 03:56:20
16,Bambous Virieux,-20.34,57.76,77.0,73,40,12.75,scattered clouds,MU,2020-10-23 03:56:20
17,Oxapampa,-10.58,-75.4,56.32,87,82,4.18,light rain,PE,2020-10-23 03:56:20
18,Camana,-16.62,-72.71,62.87,80,83,8.32,broken clouds,PE,2020-10-23 03:56:20
19,Castro,-24.79,-50.01,60.17,88,73,12.66,broken clouds,BR,2020-10-23 03:55:15
20,Carnarvon,-24.87,113.63,77.0,61,0,14.99,clear sky,AU,2020-10-23 03:56:21
21,Cidreira,-30.18,-50.21,67.01,86,99,24.49,overcast clouds,BR,2020-10-23 03:56:21
22,Mataura,-46.19,168.86,61.0,70,100,3.0,light rain,NZ,2020-10-23 03:49:35
23,Ngerengere,-6.75,38.12,69.8,100,75,1.39,broken clouds,TZ,2020-10-23 03:56:21
24,Talnakh,69.49,88.4,1.4,84,40,2.24,light snow,RU,2020-10-23 03:52:02
25,Provideniya,64.38,-173.3,39.2,87,75,22.37,broken clouds,RU,2020-10-23 03:56:22
26,Kodiak,57.79,-152.41,44.6,70,90,29.97,light rain,US,2020-10-23 03:56:22
27,Marechal Candido Rondon,-24.56,-54.06,74.07,51,1,10.71,clear sky,BR,2020-10-23 03:55:01
28,Beya,53.05,90.91,43.48,73,100,4.41,overcast clouds,RU,2020-10-23 03:56:22
29,Tasiilaq,65.61,-37.64,37.4,47,100,27.51,overcast clouds,GL,2020-10-23 03:56:23
30,Lorengau,-2.02,147.27,83.7,75,19,7.34,light rain,PG,2020-10-23 03:56:23
31,Saint Anthony,45.02,-93.22,36.0,80,90,14.99,overcast clouds,US,2020-10-23 03:56:23
32,Muroto,33.28,134.15,71.6,56,40,18.34,scattered clouds,JP,2020-10-23 03:56:23
33,Cabo San Lucas,22.89,-109.91,82.4,69,5,9.57,clear sky,MX,2020-10-23 03:55:55
34,Revda,56.8,59.93,24.8,68,75,13.42,light shower snow,RU,2020-10-23 03:56:24
35,Puerto Ayora,-0.74,-90.35,66.99,96,91,4.0,overcast clouds,EC,2020-10-23 03:56:24
36,Sorland,67.67,12.69,37.4,69,75,11.41,shower rain,NO,2020-10-23 03:56:24
37,Partur,19.6,76.22,80.8,49,22,4.7,few clouds,IN,2020-10-23 03:56:24
38,Butaritari,3.07,172.79,81.86,76,72,11.32,broken clouds,KI,2020-10-23 03:56:24
39,Jalu,29.03,21.55,59.38,75,0,7.09,clear sky,LY,2020-10-23 03:56:25
40,Novyy Urgal,51.07,132.56,36.52,79,86,5.3,overcast clouds,RU,2020-10-23 03:56:25
41,Northam,51.03,-4.22,51.01,96,75,5.01,broken clouds,GB,2020-10-23 03:56:25
42,Kieta,-6.22,155.63,85.21,61,84,4.07,broken clouds,PG,2020-10-23 03:56:25
43,Bluff,-46.6,168.33,61.0,71,99,3.0,overcast clouds,NZ,2020-10-23 03:51:16
44,Esperance,-33.87,121.9,55.4,100,90,6.93,overcast clouds,AU,2020-10-23 03:56:26
45,Sabaudia,41.3,13.03,57.99,91,63,4.97,broken clouds,IT,2020-10-23 03:56:27
46,Lagoa,39.05,-27.98,64.99,73,72,12.53,broken clouds,PT,2020-10-23 03:56:27
47,Magadan,59.57,150.8,35.35,83,99,12.37,overcast clouds,RU,2020-10-23 03:56:27
48,Samur,41.83,48.49,56.03,59,49,3.94,scattered clouds,RU,2020-10-23 03:56:28
49,Biltine,14.53,20.92,77.97,17,0,11.79,clear sky,TD,2020-10-23 03:56:28
50,Nizhniy Tsasuchey,50.52,115.13,43.57,58,0,3.04,clear sky,RU,2020-10-23 03:56:28
51,Cape Town,-33.93,18.42,62.01,93,75,6.93,broken clouds,ZA,2020-10-23 03:51:16
52,Nanortalik,60.14,-45.24,28.85,84,36,9.8,scattered clouds,GL,2020-10-23 03:56:28
53,Camocim,-2.9,-40.84,77.97,82,57,13.38,broken clouds,BR,2020-10-23 03:56:29
54,Svetlyy,54.67,20.13,57.2,87,75,11.18,broken clouds,RU,2020-10-23 03:56:29
55,Coahuayana,18.73,-103.68,80.11,87,100,1.39,overcast clouds,MX,2020-10-23 03:56:29
56,Meulaboh,4.14,96.13,86.29,60,100,3.94,overcast clouds,ID,2020-10-23 03:51:32
57,Tuatapere,-46.13,167.68,61.0,71,100,3.0,overcast clouds,NZ,2020-10-23 03:56:30
58,Saskylakh,71.92,114.08,10.71,95,98,12.48,overcast clouds,RU,2020-10-23 03:56:30
59,New Norfolk,-42.78,147.06,63.0,62,100,1.99,overcast clouds,AU,2020-10-23 03:56:30
60,Geraldton,-28.77,114.6,86.0,20,0,10.29,clear sky,AU,2020-10-23 03:56:30
61,Hilo,19.73,-155.09,82.4,65,1,9.17,clear sky,US,2020-10-23 03:56:18
62,Keti Bandar,24.14,67.45,85.91,37,0,7.99,clear sky,PK,2020-10-23 03:56:31
63,Maniitsoq,65.42,-52.9,25.25,83,2,4.63,clear sky,GL,2020-10-23 03:56:31
64,Kapaa,22.08,-159.32,82.4,69,40,13.87,scattered clouds,US,2020-10-23 03:56:31
65,Ponta Do Sol,32.67,-17.1,64.4,68,40,13.87,scattered clouds,PT,2020-10-23 03:56:31
66,Sioux Lookout,50.1,-91.92,30.2,80,90,2.24,overcast clouds,CA,2020-10-23 03:56:32
67,Mar Del Plata,-38.0,-57.56,55.4,93,90,13.87,drizzle,AR,2020-10-23 03:56:32
68,Alice Springs,-23.7,133.88,93.2,17,0,17.22,clear sky,AU,2020-10-23 03:56:32
69,Namatanai,-3.67,152.43,84.9,63,35,8.37,scattered clouds,PG,2020-10-23 03:56:32
70,Nome,64.5,-165.41,39.2,55,1,9.17,clear sky,US,2020-10-23 03:56:33
71,Bereda,43.27,-7.54,52.0,98,60,11.01,light rain,ES,2020-10-23 03:56:33
72,Malinovoye Ozero,51.68,79.78,40.73,65,100,11.63,overcast clouds,RU,2020-10-23 03:56:33
73,Basco,20.45,121.97,79.36,84,100,35.08,overcast clouds,PH,2020-10-23 03:56:33
74,Lebu,-37.62,-73.65,46.74,86,5,8.08,clear sky,CL,2020-10-23 03:56:33
75,Sitka,57.05,-135.33,37.4,44,75,6.93,broken clouds,US,2020-10-23 03:56:34
76,Upernavik,72.79,-56.15,23.97,96,100,5.23,overcast clouds,GL,2020-10-23 03:56:34
77,Trofors,65.53,13.41,35.6,93,0,3.36,clear sky,NO,2020-10-23 03:56:34
78,Cherskiy,68.75,161.3,19.99,95,37,4.09,scattered clouds,RU,2020-10-23 03:56:34
79,Shenjiamen,29.96,122.3,63.7,60,1,19.39,clear sky,CN,2020-10-23 03:56:34
80,Husavik,66.04,-17.34,39.2,69,40,5.82,scattered clouds,IS,2020-10-23 03:56:35
81,Georgetown,5.41,100.34,86.0,70,40,4.7,scattered clouds,MY,2020-10-23 03:56:35
82,Bayan,46.08,127.4,40.12,60,0,15.39,clear sky,CN,2020-10-23 03:56:35
83,Khurai,24.04,78.33,82.89,33,9,4.27,clear sky,IN,2020-10-23 03:56:35
84,Floro,61.6,5.03,35.6,69,13,5.82,few clouds,NO,2020-10-23 03:53:55
85,Novyy Urengoy,66.08,76.63,13.78,96,99,8.21,overcast clouds,RU,2020-10-23 03:56:36
86,Vaini,-21.2,-175.2,73.4,78,75,11.41,broken clouds,TO,2020-10-23 03:46:49
87,Flinders,-34.58,150.86,79.0,67,66,4.0,broken clouds,AU,2020-10-23 03:56:36
88,Atuona,-9.8,-139.03,78.33,73,0,14.65,clear sky,PF,2020-10-23 03:56:37
89,Vanavara,60.34,102.28,34.23,86,86,16.28,overcast clouds,RU,2020-10-23 03:56:37
90,Tuktoyaktuk,69.45,-133.04,28.4,100,90,25.28,light snow,CA,2020-10-23 03:51:17
91,Belaya Gora,68.53,146.42,14.68,93,100,4.56,overcast clouds,RU,2020-10-23 03:56:37
92,Yellowknife,62.46,-114.35,24.01,85,90,5.82,light snow,CA,2020-10-23 03:55:16
93,Rebrikha,53.07,82.34,38.61,76,100,15.99,overcast clouds,RU,2020-10-23 03:56:38
94,Klaksvik,62.23,-6.59,44.6,81,100,28.86,overcast clouds,FO,2020-10-23 03:56:38
95,Ribeira Grande,38.52,-28.7,64.54,70,11,5.93,few clouds,PT,2020-10-23 03:56:38
96,Riyadh,24.69,46.72,64.4,25,0,8.05,clear sky,SA,2020-10-23 03:56:39
97,Bethel,41.37,-73.41,63.0,94,66,1.88,broken clouds,US,2020-10-23 03:56:39
98,Kijang,35.24,129.21,60.8,26,0,13.87,clear sky,KR,2020-10-23 03:56:39
99,Black River,18.03,-77.85,80.6,78,75,5.82,broken clouds,JM,2020-10-23 03:56:39
100,Norfolk,42.17,-71.25,60.01,87,90,4.21,overcast clouds,US,2020-10-23 03:53:35
101,Zhangjiakou,40.81,114.88,47.28,44,0,5.75,clear sky,CN,2020-10-23 03:56:40
102,Totness,5.88,-56.32,81.97,77,56,12.17,broken clouds,SR,2020-10-23 03:56:40
103,Port Elizabeth,-33.92,25.57,66.2,93,90,9.17,mist,ZA,2020-10-23 03:56:40
104,Fare,-16.7,-151.02,79.83,73,21,10.85,few clouds,PF,2020-10-23 03:56:40
105,Canberra,-35.28,149.13,77.0,50,40,12.75,scattered clouds,AU,2020-10-23 03:53:35
106,Hualmay,-11.1,-77.61,62.67,85,29,8.41,scattered clouds,PE,2020-10-23 03:56:14
107,Agadir,30.42,-9.6,64.4,93,90,3.36,overcast clouds,MA,2020-10-23 03:52:47
108,Ternate,0.8,127.4,85.28,70,28,7.29,light rain,ID,2020-10-23 03:56:41
109,Labuhan,-6.88,112.21,87.57,60,24,7.29,few clouds,ID,2020-10-23 03:56:41
110,Torbay,47.67,-52.73,46.0,70,75,19.46,broken clouds,CA,2020-10-23 03:56:42
111,Dingle,11.0,122.67,86.16,76,62,9.37,broken clouds,PH,2020-10-23 03:56:42
112,Hamilton,39.18,-84.53,69.01,72,1,5.82,clear sky,US,2020-10-23 03:56:42
113,Chuy,-33.7,-53.46,60.64,91,100,9.28,heavy intensity rain,UY,2020-10-23 03:56:42
114,Plettenberg Bay,-34.05,23.37,67.95,60,99,2.73,overcast clouds,ZA,2020-10-23 03:56:42
115,La Ronge,55.1,-105.28,24.8,68,90,13.87,light snow,CA,2020-10-23 03:56:43
116,Aklavik,68.22,-135.01,24.8,92,90,3.36,light snow,CA,2020-10-23 03:56:43
117,Inhambane,-23.86,35.38,73.26,70,85,10.07,overcast clouds,MZ,2020-10-23 03:56:43
118,Barrow,71.29,-156.79,33.8,98,90,3.36,fog,US,2020-10-23 03:56:43
119,Tymovskoye,50.85,142.66,49.23,91,100,4.99,moderate rain,RU,2020-10-23 03:54:41
120,Bathsheba,13.22,-59.52,80.6,83,40,23.04,scattered clouds,BB,2020-10-23 03:56:44
121,Hambantota,6.12,81.12,86.0,74,20,11.41,few clouds,LK,2020-10-23 03:56:44
122,Hofn,64.25,-15.21,41.68,90,100,33.91,light rain,IS,2020-10-23 03:56:44
123,Darnah,32.77,22.64,68.79,73,100,16.98,moderate rain,LY,2020-10-23 03:56:44
124,Karratha,-20.74,116.85,88.81,25,10,16.91,clear sky,AU,2020-10-23 03:56:45
125,Samarai,-10.62,150.67,82.31,77,42,11.23,scattered clouds,PG,2020-10-23 03:56:45
126,Port Alfred,-33.59,26.89,67.96,90,92,11.27,overcast clouds,ZA,2020-10-23 03:56:45
127,San Rafael Del Sur,11.85,-86.44,78.8,94,40,0.45,scattered clouds,NI,2020-10-23 03:56:45
128,Fort Nelson,58.81,-122.7,17.6,78,75,3.36,broken clouds,CA,2020-10-23 03:56:45
129,Shiyan,32.65,110.78,66.31,39,2,8.93,clear sky,CN,2020-10-23 03:56:46
130,Jamestown,42.1,-79.24,60.8,93,1,4.7,clear sky,US,2020-10-23 03:56:46
131,Port-Gentil,-0.72,8.78,78.58,85,100,11.72,light rain,GA,2020-10-23 03:56:46
132,Bredasdorp,-34.53,20.04,64.4,88,97,4.7,overcast clouds,ZA,2020-10-23 03:56:46
133,Soyo,-6.13,12.37,76.84,85,100,7.49,overcast clouds,AO,2020-10-23 03:52:03
134,Jutai,-5.18,-68.9,72.19,96,76,2.68,broken clouds,BR,2020-10-23 03:56:47
135,Emerald,-23.53,148.17,87.8,40,73,8.05,moderate rain,AU,2020-10-23 03:52:37
136,San Cristobal,7.77,-72.22,66.22,90,98,2.28,light rain,VE,2020-10-23 03:54:10
137,Zychlin,52.24,19.63,53.6,76,0,4.7,clear sky,PL,2020-10-23 03:56:47
138,Sao Joao Da Barra,-21.64,-41.05,69.1,77,3,7.45,clear sky,BR,2020-10-23 03:53:12
139,Yumen,40.28,97.2,52.29,35,90,9.69,overcast clouds,CN,2020-10-23 03:56:47
140,Kabinda,-6.13,24.48,69.37,95,100,4.12,overcast clouds,CD,2020-10-23 03:56:48
141,Buala,-8.14,159.59,84.34,70,67,6.26,light rain,SB,2020-10-23 03:56:48
142,Hasaki,35.73,140.83,66.2,100,75,6.93,broken clouds,JP,2020-10-23 03:56:48
143,Khatanga,71.97,102.5,3.81,93,100,8.52,overcast clouds,RU,2020-10-23 03:56:48
144,Isangel,-19.55,169.27,77.0,88,90,6.93,thunderstorm with rain,VU,2020-10-23 03:56:48
145,Kaitangata,-46.28,169.85,61.57,59,99,6.13,moderate rain,NZ,2020-10-23 03:56:49
146,Kichera,55.94,110.1,39.16,72,3,1.05,clear sky,RU,2020-10-23 03:56:49
147,Terney,45.05,136.61,43.14,77,100,17.56,light rain,RU,2020-10-23 03:56:49
148,Necochea,-38.55,-58.74,48.99,92,71,5.01,broken clouds,AR,2020-10-23 03:56:49
149,Lompoc,34.64,-120.46,57.2,87,40,4.18,scattered clouds,US,2020-10-23 03:56:49
150,Taoudenni,22.68,-3.98,81.16,16,0,7.0,clear sky,ML,2020-10-23 03:56:50
151,Hermanus,-34.42,19.23,63.0,85,63,2.44,broken clouds,ZA,2020-10-23 03:51:17
152,Rabo De Peixe,37.8,-25.58,60.8,67,75,5.82,broken clouds,PT,2020-10-23 03:56:50
153,Mahebourg,-20.41,57.7,73.4,73,40,12.75,scattered clouds,MU,2020-10-23 03:56:50
154,Cockburn Town,21.46,-71.14,81.99,78,0,17.76,clear sky,TC,2020-10-23 03:56:51
155,Naze,28.37,129.48,73.4,60,75,18.34,broken clouds,JP,2020-10-23 03:56:51
156,Avarua,-21.21,-159.78,75.2,88,100,11.41,moderate rain,CK,2020-10-23 03:56:51
157,Cabinda,-5.55,12.2,76.77,86,100,7.45,overcast clouds,AO,2020-10-23 03:56:51
158,Rosarito,32.33,-117.03,68.0,72,90,5.82,overcast clouds,MX,2020-10-23 03:56:51
159,Morden,49.19,-98.1,28.4,79,90,4.7,overcast clouds,CA,2020-10-23 03:56:52
160,Cedar Falls,42.53,-92.45,37.4,93,90,17.22,moderate rain,US,2020-10-23 03:56:52
161,Walvis Bay,-22.96,14.51,60.01,77,90,1.12,overcast clouds,NA,2020-10-23 03:56:52
162,Mandalay,21.97,96.08,80.6,83,75,6.93,broken clouds,MM,2020-10-23 03:56:52
163,Arrifes,37.77,-25.7,60.8,67,75,5.82,broken clouds,PT,2020-10-23 03:56:53
164,Thompson,55.74,-97.86,26.6,86,90,6.93,light snow,CA,2020-10-23 03:56:53
165,Trat,12.5,102.5,84.2,83,20,13.87,few clouds,TH,2020-10-23 03:56:53
166,Ust-Omchug,61.15,149.63,29.05,86,96,1.66,overcast clouds,RU,2020-10-23 03:56:53
167,Rawson,-43.3,-65.1,65.08,50,0,20.87,clear sky,AR,2020-10-23 03:56:53
168,East London,-33.02,27.91,66.2,93,40,11.41,scattered clouds,ZA,2020-10-23 03:56:54
169,Ambilobe,-13.2,49.05,79.38,52,0,6.06,clear sky,MG,2020-10-23 03:56:54
170,Arraial Do Cabo,-22.97,-42.03,70.99,75,12,12.1,few clouds,BR,2020-10-23 03:56:39
171,Novosheshminsk,55.07,51.23,30.6,94,66,8.23,broken clouds,RU,2020-10-23 03:56:54
172,Eydhafushi,5.1,73.07,81.82,79,23,12.62,light rain,MV,2020-10-23 03:56:54
173,Angoche,-16.23,39.91,76.24,77,65,9.17,broken clouds,MZ,2020-10-23 03:56:55
174,Carutapera,-1.2,-46.02,77.36,91,31,6.96,scattered clouds,BR,2020-10-23 03:56:55
175,Tromso,69.65,18.96,28.4,92,75,9.17,broken clouds,NO,2020-10-23 03:52:49
176,Sarlat-La-Caneda,44.89,1.22,59.0,93,100,2.24,overcast clouds,FR,2020-10-23 03:56:55
177,Ilulissat,69.22,-51.1,21.2,73,48,3.36,scattered clouds,GL,2020-10-23 03:56:55
178,Florence,43.77,11.25,57.99,93,75,2.24,broken clouds,IT,2020-10-23 03:53:59
179,Ust-Nera,64.57,143.2,23.74,92,100,4.32,light snow,RU,2020-10-23 03:56:56
180,Varadero,23.15,-81.25,77.0,100,20,4.7,few clouds,CU,2020-10-23 03:56:56
181,Maltahohe,-24.83,16.98,64.98,32,61,5.32,broken clouds,NA,2020-10-23 03:56:57
182,Canico,32.63,-16.85,64.4,68,40,13.87,scattered clouds,PT,2020-10-23 03:56:57
183,Sao Felix Do Xingu,-6.64,-51.99,75.13,77,22,0.2,few clouds,BR,2020-10-23 03:56:57
184,Ajdabiya,30.76,20.23,65.03,62,3,6.46,clear sky,LY,2020-10-23 03:56:58
185,College,64.86,-147.8,21.99,85,1,4.41,clear sky,US,2020-10-23 03:56:58
186,Bengkulu,-3.8,102.27,82.87,66,100,7.49,light rain,ID,2020-10-23 03:56:58
187,Artigas,-30.4,-56.47,67.44,84,100,13.98,overcast clouds,UY,2020-10-23 03:56:58
188,Faya,18.39,42.45,57.2,22,0,6.11,clear sky,SA,2020-10-23 03:56:59
189,Lazaro Cardenas,17.96,-102.2,79.81,88,14,3.09,few clouds,MX,2020-10-23 03:56:59
190,Comodoro Rivadavia,-45.87,-67.5,50.0,71,0,2.24,clear sky,AR,2020-10-23 03:56:59
191,Visby,57.64,18.3,54.0,81,61,21.92,broken clouds,SE,2020-10-23 03:54:46
192,Katiola,8.13,-5.1,71.6,100,0,4.7,clear sky,CI,2020-10-23 03:57:00
193,Pemangkat,1.17,108.97,83.14,73,100,10.33,light rain,ID,2020-10-23 03:57:00
194,Tiksi,71.69,128.87,17.47,91,93,9.48,overcast clouds,RU,2020-10-23 03:57:00
195,Palembang,-2.92,104.75,86.0,74,75,4.7,broken clouds,ID,2020-10-23 03:57:00
196,Rogatica,43.8,19.0,48.2,66,0,4.7,clear sky,BA,2020-10-23 03:52:02
197,Sovetskaya Gavan,48.97,140.29,46.42,95,100,14.54,moderate rain,RU,2020-10-23 03:57:01
198,Tomatlan,19.93,-105.25,77.83,94,85,1.88,overcast clouds,MX,2020-10-23 03:57:01
199,Katsuura,35.13,140.3,71.6,94,75,3.36,light rain,JP,2020-10-23 03:57:01
200,Grindavik,63.84,-22.43,41.0,80,90,26.4,moderate rain,IS,2020-10-23 03:57:01
201,Airai,-8.93,125.41,79.81,57,27,1.57,light rain,TL,2020-10-23 03:57:02
202,Muisne,0.6,-80.03,74.39,83,100,8.08,overcast clouds,EC,2020-10-23 03:57:02
203,Kigoma,-4.88,29.63,71.6,88,75,7.07,broken clouds,TZ,2020-10-23 03:57:03
204,Pevek,69.7,170.31,29.03,95,42,11.59,scattered clouds,RU,2020-10-23 03:57:03
205,Kiunga,-6.12,141.29,94.46,45,58,3.47,broken clouds,PG,2020-10-23 03:57:03
206,Deputatskiy,69.3,139.9,2.19,88,0,2.48,clear sky,RU,2020-10-23 03:57:03
207,Lakes Entrance,-37.88,147.98,75.0,69,100,1.99,overcast clouds,AU,2020-10-23 03:57:03
208,Fenoarivo,-18.93,47.44,60.8,72,75,10.29,broken clouds,MG,2020-10-23 03:57:04
209,South Lake Tahoe,38.93,-119.98,48.2,56,1,4.92,clear sky,US,2020-10-23 03:52:48
210,Madawaska,47.36,-68.33,41.0,80,90,4.7,overcast clouds,US,2020-10-23 03:57:04
211,Lavrentiya,65.58,-171.0,35.91,88,4,12.17,clear sky,RU,2020-10-23 03:57:04
212,Longyearbyen,78.22,15.64,23.0,73,40,10.29,scattered clouds,SJ,2020-10-23 03:57:04
213,Liwonde,-15.05,35.2,70.48,62,0,1.41,clear sky,MW,2020-10-23 03:57:05
214,Sobolevo,54.43,31.9,48.58,95,27,12.24,scattered clouds,RU,2020-10-23 03:57:05
215,Mogadishu,2.04,45.34,80.94,80,64,18.52,broken clouds,SO,2020-10-23 03:57:05
216,Nemuro,43.32,145.57,59.0,93,75,13.87,light intensity shower rain,JP,2020-10-23 03:57:05
217,Karaton,-6.34,106.1,91.4,55,40,10.29,scattered clouds,ID,2020-10-23 03:57:05
218,Capitao Poco,-1.75,-47.06,75.18,91,0,7.56,clear sky,BR,2020-10-23 03:57:06
219,Roald,62.58,6.13,37.4,66,0,16.11,clear sky,NO,2020-10-23 03:57:06
220,Hauterive,46.09,3.45,62.6,67,0,9.17,clear sky,FR,2020-10-23 03:57:06
221,Chhabra,24.67,76.83,83.5,38,0,0.16,clear sky,IN,2020-10-23 03:57:06
222,Dikson,73.51,80.55,20.03,96,61,10.54,broken clouds,RU,2020-10-23 03:57:06
223,Soe,-9.86,124.28,87.78,46,40,7.25,light rain,ID,2020-10-23 03:57:07
224,Candido Mendes,-1.45,-45.72,75.96,93,12,4.32,few clouds,BR,2020-10-23 03:57:07
225,Dvinskoy,62.15,45.12,27.0,96,100,11.72,overcast clouds,RU,2020-10-23 03:57:07
226,Marsh Harbour,26.54,-77.06,79.93,73,8,17.18,clear sky,BS,2020-10-23 03:57:07
227,Mae Sot,16.72,98.57,86.0,66,20,2.55,few clouds,TH,2020-10-23 03:57:08
228,Itarema,-2.92,-39.92,79.07,78,83,14.12,broken clouds,BR,2020-10-23 03:57:08
229,Jumla,29.27,82.18,61.18,33,0,3.02,clear sky,NP,2020-10-23 03:57:08
230,San Andres,12.58,-81.7,77.0,94,40,2.15,scattered clouds,CO,2020-10-23 03:57:08
231,Ilo,-17.64,-71.34,61.99,79,46,4.83,scattered clouds,PE,2020-10-23 03:56:54
232,Kavieng,-2.57,150.8,84.61,64,96,10.78,overcast clouds,PG,2020-10-23 03:57:09
233,Tiarei,-17.53,-149.33,78.8,74,40,1.12,shower rain,PF,2020-10-23 03:57:09
234,Barentu,15.11,37.59,74.35,49,0,3.0,clear sky,ER,2020-10-23 03:57:09
235,Ust-Uda,54.17,103.03,41.95,65,47,2.06,scattered clouds,RU,2020-10-23 03:57:10
236,Laguna,38.42,-121.42,66.99,19,40,4.7,scattered clouds,US,2020-10-23 03:57:10
237,Anloga,5.79,0.9,78.8,88,40,8.05,scattered clouds,GH,2020-10-23 03:57:10
238,Norman Wells,65.28,-126.83,8.6,84,75,2.24,broken clouds,CA,2020-10-23 03:57:10
239,Chokurdakh,70.63,147.92,4.39,91,0,5.53,clear sky,RU,2020-10-23 03:57:11
240,Ankazoabo,-22.28,44.52,77.63,33,0,9.66,clear sky,MG,2020-10-23 03:57:11
241,La Suiza,9.85,-83.61,69.8,100,90,5.82,mist,CR,2020-10-23 03:57:11
242,Matadi,-5.82,13.45,75.7,83,100,2.59,overcast clouds,CD,2020-10-23 03:57:11
243,Luis Correia,-2.88,-41.67,79.5,80,42,19.53,scattered clouds,BR,2020-10-23 03:57:11
244,Buluang,13.31,123.34,87.33,69,50,4.18,scattered clouds,PH,2020-10-23 03:57:12
245,Aswan,24.09,32.91,74.3,27,0,12.59,clear sky,EG,2020-10-23 03:57:12
246,Balikpapan,-1.27,116.83,87.8,74,20,6.93,few clouds,ID,2020-10-23 03:57:12
247,Kamenka,51.32,42.77,46.99,82,44,11.56,scattered clouds,RU,2020-10-23 03:57:12
248,Dolores,-36.31,-57.68,56.95,97,100,6.11,overcast clouds,AR,2020-10-23 03:57:12
249,Toyooka,35.53,134.83,64.4,72,75,4.7,broken clouds,JP,2020-10-23 03:57:13
250,Vila Franca Do Campo,37.72,-25.43,60.8,67,75,5.82,broken clouds,PT,2020-10-23 03:57:13
251,Iqaluit,63.75,-68.51,28.4,86,90,2.24,light snow,CA,2020-10-23 03:57:13
252,Ibra,22.69,58.53,80.76,13,0,4.36,clear sky,OM,2020-10-23 03:57:13
253,Egvekinot,66.32,-179.17,27.9,94,0,5.39,clear sky,RU,2020-10-23 03:57:13
254,Mayo,38.89,-76.51,66.99,100,75,4.7,broken clouds,US,2020-10-23 03:57:14
255,Storforshei,66.4,14.52,24.91,92,85,1.77,overcast clouds,NO,2020-10-23 03:57:14
256,Saint-Philippe,-21.36,55.77,77.0,65,0,11.41,clear sky,RE,2020-10-23 03:57:14
257,Katherine,-14.47,132.27,95.0,39,78,4.7,broken clouds,AU,2020-10-23 03:57:14
258,Manokwari,-0.87,134.08,85.55,66,20,7.07,few clouds,ID,2020-10-23 03:57:14
259,Salinopolis,-0.61,-47.36,79.65,82,19,11.05,few clouds,BR,2020-10-23 03:57:15
260,Pichayevo,53.24,42.2,45.63,84,100,12.17,light rain,RU,2020-10-23 03:57:15
261,Clyde River,70.47,-68.59,14.0,85,1,3.36,clear sky,CA,2020-10-23 03:57:15
262,Puerto El Triunfo,13.28,-88.55,77.0,94,40,1.12,scattered clouds,SV,2020-10-23 03:57:15
263,Chongwe,-15.33,28.68,68.0,40,0,10.29,clear sky,ZM,2020-10-23 03:57:16
264,Codrington,-38.27,141.97,57.85,92,100,8.05,overcast clouds,AU,2020-10-23 03:57:16
265,Half Moon Bay,37.46,-122.43,60.8,87,90,6.93,overcast clouds,US,2020-10-23 03:57:16
266,Voyvozh,62.89,54.96,16.47,97,0,3.71,clear sky,RU,2020-10-23 03:57:17
267,Souillac,-20.52,57.52,73.4,73,40,12.75,scattered clouds,MU,2020-10-23 03:57:17
268,Guaymas,27.93,-110.9,77.0,83,0,1.01,clear sky,MX,2020-10-23 03:54:11
269,Hornepayne,49.21,-84.77,31.71,99,100,6.78,light snow,CA,2020-10-23 03:57:17
270,Nushki,29.55,66.02,60.35,31,0,6.11,clear sky,PK,2020-10-23 03:57:17
271,Seydi,39.48,62.91,50.02,59,5,3.29,clear sky,TM,2020-10-23 03:57:18
272,Urucui,-7.23,-44.56,82.47,37,24,3.85,few clouds,BR,2020-10-23 03:57:18
273,Wakkanai,45.41,141.67,59.0,93,75,19.46,light intensity shower rain,JP,2020-10-23 03:57:18
274,Lakselv,70.05,24.97,33.8,74,100,26.4,overcast clouds,NO,2020-10-23 03:57:18
275,Sechura,-5.56,-80.82,65.98,76,1,8.88,clear sky,PE,2020-10-23 03:57:19
276,Pisco,-13.7,-76.22,62.01,87,0,10.29,clear sky,PE,2020-10-23 03:54:20
277,Waddan,29.16,16.14,55.99,82,0,4.03,clear sky,LY,2020-10-23 03:57:19
278,Poronaysk,49.22,143.12,51.89,96,100,24.18,heavy intensity rain,RU,2020-10-23 03:57:19
279,Qaanaaq,77.48,-69.36,20.34,93,100,10.42,overcast clouds,GL,2020-10-23 03:57:19
280,Lodja,-3.48,23.43,68.65,98,100,2.46,light rain,CD,2020-10-23 03:57:19
281,Mangrol,21.12,70.12,84.02,54,0,6.89,clear sky,IN,2020-10-23 03:57:20
282,Alta Floresta,-9.88,-56.09,71.94,93,75,3.94,broken clouds,BR,2020-10-23 03:57:20
283,Wieliczka,49.99,20.06,46.99,93,93,2.24,fog,PL,2020-10-23 03:57:20
284,Saint George,37.1,-113.58,71.6,17,1,14.99,clear sky,US,2020-10-23 03:57:20
285,Lata,40.16,-8.33,57.0,91,35,2.82,scattered clouds,PT,2020-10-23 03:57:21
286,Nikolskoye,59.7,30.79,50.0,87,90,11.18,overcast clouds,RU,2020-10-23 03:57:21
287,Whitehorse,60.72,-135.05,15.8,72,75,8.05,broken clouds,CA,2020-10-23 03:57:21
288,Balkanabat,39.51,54.37,60.84,38,12,3.6,few clouds,TM,2020-10-23 03:57:21
289,Cayenne,4.93,-52.33,75.2,100,0,14.12,clear sky,GF,2020-10-23 03:57:21
290,Padang,-0.95,100.35,86.59,58,100,3.91,heavy intensity rain,ID,2020-10-23 03:57:22
291,Portland,45.52,-122.68,48.99,71,95,1.01,overcast clouds,US,2020-10-23 03:53:03
292,Methana,37.58,23.39,63.0,66,0,1.99,clear sky,GR,2020-10-23 03:57:22
293,Waingapu,-9.66,120.26,87.82,55,1,10.11,clear sky,ID,2020-10-23 03:57:22
294,Vaitape,-16.52,-151.75,80.73,69,33,9.46,scattered clouds,PF,2020-10-23 03:57:22
295,Tangkak,2.27,102.55,87.8,66,20,4.7,few clouds,MY,2020-10-23 03:57:23
296,Jacareacanga,-6.22,-57.75,75.87,90,96,1.25,overcast clouds,BR,2020-10-23 03:57:23
297,Acarau,-2.89,-40.12,78.87,79,87,14.36,overcast clouds,BR,2020-10-23 03:57:23
298,Comarapa,-17.9,-64.48,61.48,85,98,2.48,light rain,BO,2020-10-23 03:57:23
299,Arlit,18.74,7.39,81.18,18,0,11.25,clear sky,NE,2020-10-23 03:57:24
300,Atar,20.52,-13.05,81.95,37,0,8.99,clear sky,MR,2020-10-23 03:57:24
301,Khandbari,27.37,87.2,77.27,39,0,2.19,clear sky,NP,2020-10-23 03:57:24
302,Liberal,37.04,-100.92,44.6,75,90,25.28,overcast clouds,US,2020-10-23 03:57:25
303,Srednekolymsk,67.45,153.68,17.69,92,72,3.91,broken clouds,RU,2020-10-23 03:57:25
304,Yerbogachen,61.28,108.01,39.52,78,100,15.86,overcast clouds,RU,2020-10-23 03:57:26
305,Axim,4.87,-2.24,77.77,87,69,6.51,light rain,GH,2020-10-23 03:57:27
306,Tautira,-17.73,-149.15,78.8,74,40,1.12,shower rain,PF,2020-10-23 03:57:27
307,Mudanya,40.38,28.88,60.8,100,40,0.51,fog,TR,2020-10-23 03:57:27
308,Kununurra,-15.77,128.73,102.2,18,0,12.75,clear sky,AU,2020-10-23 03:57:28
309,Iskateley,67.68,53.15,22.78,97,33,8.21,scattered clouds,RU,2020-10-23 03:57:28
310,Simbahan,6.3,120.58,84.31,71,100,11.01,overcast clouds,PH,2020-10-23 03:57:28
311,Ostersund,63.18,14.64,26.6,92,16,5.82,few clouds,SE,2020-10-23 03:57:28
312,Vanimo,-2.67,141.3,84.22,65,73,6.2,broken clouds,PG,2020-10-23 03:57:28
313,Makakilo City,21.35,-158.09,80.6,74,1,5.82,clear sky,US,2020-10-23 03:57:29
314,Salalah,17.02,54.09,73.4,49,0,2.24,clear sky,OM,2020-10-23 03:57:29
315,Santa Marta,11.24,-74.2,82.99,75,45,1.99,scattered clouds,CO,2020-10-23 03:52:57
316,Tynda,55.17,124.72,25.95,87,0,3.06,clear sky,RU,2020-10-23 03:57:29
317,Zhangye,38.93,100.45,57.47,30,28,7.11,scattered clouds,CN,2020-10-23 03:57:29
318,Victoria,22.29,114.16,75.99,50,100,14.03,moderate rain,HK,2020-10-23 03:54:08
319,Saint-Joseph,-21.37,55.62,77.0,65,0,11.41,clear sky,RE,2020-10-23 03:57:30
320,Mount Gambier,-37.83,140.77,64.4,82,90,10.29,overcast clouds,AU,2020-10-23 03:57:30
321,Byron Bay,-28.65,153.62,82.4,69,75,18.34,broken clouds,AU,2020-10-23 03:57:31
322,Bandarbeyla,9.49,50.81,80.15,64,95,4.56,overcast clouds,SO,2020-10-23 03:57:31
323,Port Macquarie,-31.43,152.92,82.99,50,1,1.99,clear sky,AU,2020-10-23 03:57:31
324,Fortuna,40.6,-124.16,48.99,76,1,5.68,clear sky,US,2020-10-23 03:57:32
325,Osypenko,46.91,36.83,54.0,100,99,7.0,overcast clouds,UA,2020-10-23 03:57:32
326,General Artigas,-26.93,-56.22,75.02,65,100,3.69,overcast clouds,PY,2020-10-23 03:57:32
327,Lumut,4.23,100.63,86.0,74,20,2.24,few clouds,MY,2020-10-23 03:57:32
328,Lexington,37.99,-84.48,64.4,72,1,5.82,clear sky,US,2020-10-23 03:54:52
329,Vikramasingapuram,8.71,77.39,89.6,66,20,5.82,few clouds,IN,2020-10-23 03:57:33
330,Los Llanos De Aridane,28.66,-17.92,66.2,63,0,8.05,clear sky,ES,2020-10-23 03:57:33
331,Nioro,13.35,-15.75,76.93,72,0,4.92,clear sky,GM,2020-10-23 03:57:33
332,Bonthe,7.53,-12.51,77.56,86,13,3.98,light rain,SL,2020-10-23 03:57:34
333,Teguise,29.06,-13.56,64.4,72,0,5.82,clear sky,ES,2020-10-23 03:57:34
334,Tupik,54.43,119.93,31.01,88,0,1.3,clear sky,RU,2020-10-23 03:57:34
335,Sa Kaeo,13.75,102.33,78.53,61,78,7.83,broken clouds,TH,2020-10-23 03:57:34
336,Da Nang,16.07,108.22,78.8,65,75,3.36,broken clouds,VN,2020-10-23 03:57:35
337,Solnechnyy,50.72,136.63,38.55,75,100,7.94,overcast clouds,RU,2020-10-23 03:57:35
338,Natal,-5.79,-35.21,75.2,94,40,4.7,scattered clouds,BR,2020-10-23 03:57:35
339,Lezhe,41.78,19.64,42.8,93,0,3.36,clear sky,AL,2020-10-23 03:57:35
340,Payo,-3.75,103.64,89.26,55,100,2.55,overcast clouds,ID,2020-10-23 03:57:35
341,Batagay-Alyta,67.8,130.41,7.41,88,0,3.98,clear sky,RU,2020-10-23 03:57:35
342,Namibe,-15.2,12.15,68.59,85,22,10.4,few clouds,AO,2020-10-23 03:57:36
343,Belmonte,-15.86,-38.88,73.4,83,75,11.41,broken clouds,BR,2020-10-23 03:57:36
344,Hokitika,-42.72,170.97,56.19,73,23,6.2,few clouds,NZ,2020-10-23 03:57:36
345,Farmington,36.73,-108.22,55.4,17,1,2.42,clear sky,US,2020-10-23 03:57:36
346,Hwange,-18.37,26.5,72.03,46,0,5.19,clear sky,ZW,2020-10-23 03:57:37
347,Thetford Mines,46.09,-71.3,39.4,96,41,3.47,scattered clouds,CA,2020-10-23 03:57:37
348,Guerrero Negro,27.98,-114.06,66.58,82,2,10.02,clear sky,MX,2020-10-23 03:57:37
349,San Patricio,28.02,-97.52,79.0,83,20,12.75,few clouds,US,2020-10-23 03:57:37
350,Marsa Matruh,31.35,27.25,62.6,77,0,8.46,clear sky,EG,2020-10-23 03:57:37
351,Roma,43.21,-75.46,57.99,87,75,5.82,broken clouds,US,2020-10-23 03:55:04
352,Richards Bay,-28.78,32.04,69.69,84,26,10.38,scattered clouds,ZA,2020-10-23 03:57:38
353,Hanzhong,33.07,107.03,66.49,49,59,4.79,broken clouds,CN,2020-10-23 03:57:38
354,Zeya,53.75,127.27,31.98,88,0,4.83,clear sky,RU,2020-10-23 03:57:38
355,Taga,46.95,24.05,32.0,68,20,4.7,mist,RO,2020-10-23 03:57:38
356,Biak,-0.91,122.88,85.71,57,0,1.59,clear sky,ID,2020-10-23 03:57:39
357,Mizan Teferi,6.98,35.58,63.25,83,68,2.39,broken clouds,ET,2020-10-23 03:57:39
358,Pinaring,7.23,124.31,89.83,54,99,6.02,overcast clouds,PH,2020-10-23 03:57:39
359,Kljajicevo,45.77,19.28,42.8,93,0,8.05,clear sky,RS,2020-10-23 03:57:39
360,Illintsi,49.1,29.22,50.0,81,0,4.47,clear sky,UA,2020-10-23 03:57:39
361,Syke,52.9,8.83,51.01,93,2,5.82,clear sky,DE,2020-10-23 03:57:40
362,Dickinson,29.46,-95.05,78.8,83,40,4.7,scattered clouds,US,2020-10-23 03:57:40
363,Kviteseid,59.4,8.49,36.0,98,18,1.99,few clouds,NO,2020-10-23 03:57:40
364,Karak,31.17,35.75,55.4,28,0,5.82,haze,JO,2020-10-23 03:57:40
365,Balkhash,46.84,74.98,42.8,70,20,8.95,moderate rain,KZ,2020-10-23 03:57:40
366,Harper,4.38,-7.72,77.81,87,96,4.59,overcast clouds,LR,2020-10-23 03:57:41
367,Lambarene,-0.7,10.24,73.81,95,100,4.21,light rain,GA,2020-10-23 03:57:42
368,Corinto,37.94,22.96,62.6,59,0,2.1,clear sky,GR,2020-10-23 03:57:42
369,Gushikawa,26.35,127.87,71.6,83,90,13.87,light rain,JP,2020-10-23 03:57:42
370,Te Anau,-45.42,167.72,56.3,58,97,6.58,light rain,NZ,2020-10-23 03:57:42
371,Nalut,30.33,10.85,63.91,49,0,13.4,clear sky,LY,2020-10-23 03:57:43
372,Canavieiras,-15.68,-38.95,75.15,87,95,2.82,overcast clouds,BR,2020-10-23 03:57:43
373,Upington,-28.45,21.26,77.0,22,82,9.17,broken clouds,ZA,2020-10-23 03:57:43
374,Ancud,-41.87,-73.82,44.01,86,48,2.24,scattered clouds,CL,2020-10-23 03:57:43
375,Malvern,34.36,-92.81,70.0,83,1,4.7,clear sky,US,2020-10-23 03:55:03
376,Praia,14.92,-23.51,77.0,83,20,11.41,few clouds,CV,2020-10-23 03:57:44
377,Murray Bridge,-35.12,139.27,63.0,96,100,5.01,light rain,AU,2020-10-23 03:57:44
378,Tsuruoka,38.72,139.82,62.6,93,75,2.24,light intensity shower rain,JP,2020-10-23 03:57:44
379,Shestakovo,56.49,103.96,42.71,70,94,5.28,overcast clouds,RU,2020-10-23 03:57:44
380,Rumphi,-11.02,33.86,67.71,64,0,5.88,clear sky,MW,2020-10-23 03:57:45
381,Derzhavinsk,51.1,66.32,30.81,87,6,12.73,clear sky,KZ,2020-10-23 03:57:45
382,Ahipara,-35.17,173.17,67.39,74,12,6.44,few clouds,NZ,2020-10-23 03:57:45
383,Iralaya,15.0,-83.23,80.08,85,58,4.21,broken clouds,HN,2020-10-23 03:57:45
384,Tawang,27.58,91.87,63.37,42,17,6.33,few clouds,IN,2020-10-23 03:57:45
385,Cabedelo,-6.98,-34.83,75.2,100,75,3.36,broken clouds,BR,2020-10-23 03:57:46
386,Denizli,37.84,29.07,42.8,87,0,1.07,clear sky,TR,2020-10-23 03:55:09
387,Mackay,-21.15,149.2,80.6,65,75,13.87,broken clouds,AU,2020-10-23 03:57:46
388,Uribia,11.71,-72.27,82.58,79,100,3.11,overcast clouds,CO,2020-10-23 03:57:46
389,Daru,-9.08,143.21,83.28,72,73,10.83,broken clouds,PG,2020-10-23 03:57:46
390,Zhigansk,66.77,123.37,23.47,94,100,33.44,overcast clouds,RU,2020-10-23 03:57:46
391,Pangnirtung,66.15,-65.71,26.6,92,90,3.36,light snow,CA,2020-10-23 03:57:47
392,Nabire,-3.37,135.48,84.49,63,77,4.9,broken clouds,ID,2020-10-23 03:57:47
393,Ipixuna,-1.76,-48.8,77.0,88,0,2.24,clear sky,BR,2020-10-23 03:57:47
394,Haines Junction,60.75,-137.51,20.68,82,0,2.44,clear sky,CA,2020-10-23 03:57:47
395,Alofi,-19.06,-169.92,80.6,78,75,14.99,broken clouds,NU,2020-10-23 03:57:47
396,Fatezh,52.09,35.86,46.4,87,75,4.47,broken clouds,RU,2020-10-23 03:57:48
397,Kavaratti,10.57,72.64,82.4,74,20,5.82,few clouds,IN,2020-10-23 03:57:48
398,Lensk,60.73,114.93,39.67,72,100,13.11,overcast clouds,RU,2020-10-23 03:57:48
399,Kuroiso,36.97,140.05,62.6,100,75,1.12,light intensity shower rain,JP,2020-10-23 03:57:48
400,Poum,-20.23,164.02,77.7,74,0,9.48,light rain,NC,2020-10-23 03:57:49
401,Gizo,-8.1,156.84,84.96,66,98,4.54,overcast clouds,SB,2020-10-23 03:57:49
402,Barreirinha,-2.79,-57.07,80.37,58,37,1.48,scattered clouds,BR,2020-10-23 03:53:27
403,Coolum Beach,-26.53,153.1,79.0,68,13,3.0,few clouds,AU,2020-10-23 03:57:50
404,Gravdal,68.12,13.5,37.4,76,75,11.41,shower rain,NO,2020-10-23 03:57:50
405,Dongsheng,39.82,109.98,44.76,47,0,5.84,clear sky,CN,2020-10-23 03:57:50
406,Manzil Salim,35.86,8.48,60.8,55,0,6.93,clear sky,TN,2020-10-23 03:57:51
407,Shu,43.6,73.76,45.37,71,100,11.83,light rain,KZ,2020-10-23 03:57:51
408,Kendrapara,20.5,86.42,78.8,94,40,3.36,haze,IN,2020-10-23 03:57:51
409,Tiznit,29.58,-9.5,59.52,84,100,1.88,overcast clouds,MA,2020-10-23 03:57:51
410,Matara,5.95,80.54,84.61,70,78,11.48,broken clouds,LK,2020-10-23 03:57:51
411,Beringovskiy,63.05,179.32,38.89,87,79,18.03,broken clouds,RU,2020-10-23 03:57:52
412,Sabratah,32.79,12.49,69.03,45,0,4.27,clear sky,LY,2020-10-23 03:57:52
413,Nakatunguru,-2.12,33.07,68.0,94,20,8.88,thunderstorm,TZ,2020-10-23 03:57:52
414,Pitimbu,-7.47,-34.81,75.2,100,75,3.36,broken clouds,BR,2020-10-23 03:56:20
415,Okhotsk,59.38,143.3,37.87,93,100,30.71,moderate rain,RU,2020-10-23 03:57:52
416,Orlik,52.52,99.83,34.65,72,74,1.83,broken clouds,RU,2020-10-23 03:57:53
417,Port Lincoln,-34.73,135.87,60.49,85,100,21.3,moderate rain,AU,2020-10-23 03:57:53
418,Ituporanga,-27.41,-49.6,69.01,91,95,1.99,overcast clouds,BR,2020-10-23 03:57:53
419,Ugoofaaru,5.67,73.0,82.44,77,19,13.2,few clouds,MV,2020-10-23 03:57:53
420,Strezhevoy,60.73,77.59,24.8,85,75,4.47,light shower snow,RU,2020-10-23 03:57:53
421,Anadyr,64.75,177.48,33.8,86,40,6.71,scattered clouds,RU,2020-10-23 03:57:54
422,Descalvado,-21.9,-47.62,66.52,77,15,4.7,few clouds,BR,2020-10-23 03:57:54
423,Vila Velha,-20.33,-40.29,73.4,78,40,8.05,scattered clouds,BR,2020-10-23 03:57:54
424,Guayanilla,18.02,-66.79,80.01,86,100,5.88,overcast clouds,PR,2020-10-23 03:57:55
425,Port Blair,11.67,92.75,84.18,76,73,10.42,broken clouds,IN,2020-10-23 03:57:55
426,Maraa,-1.83,-65.37,71.67,95,98,2.04,overcast clouds,BR,2020-10-23 03:57:55
427,Stirion,38.4,22.72,57.99,66,0,1.01,clear sky,GR,2020-10-23 03:57:55
428,Zapolyarnyy,69.42,30.81,32.0,98,75,21.92,broken clouds,RU,2020-10-23 03:57:56
429,Ust-Tsilma,65.44,52.15,19.06,96,2,3.38,clear sky,RU,2020-10-23 03:57:56
430,Qaqortoq,60.72,-46.03,23.0,73,59,2.24,broken clouds,GL,2020-10-23 03:57:56
431,West Bay,19.37,-81.42,80.6,88,40,9.17,scattered clouds,KY,2020-10-23 03:57:56
432,Kahului,20.89,-156.47,86.0,48,40,4.7,scattered clouds,US,2020-10-23 03:56:37
433,Cortez,37.35,-108.59,46.4,33,1,8.05,clear sky,US,2020-10-23 03:57:57
434,Sarany,58.5,58.88,15.62,96,45,6.51,scattered clouds,RU,2020-10-23 03:57:57
435,Douglas,41.3,-96.17,37.4,86,90,10.29,overcast clouds,US,2020-10-23 03:57:57
436,Kutum,14.2,24.67,71.15,21,87,13.31,overcast clouds,SD,2020-10-23 03:57:57
437,Belyy Yar,53.6,91.39,42.8,52,0,8.95,clear sky,RU,2020-10-23 03:57:58
438,Humaita,-7.51,-63.02,73.74,95,98,2.48,overcast clouds,BR,2020-10-23 03:57:58
439,Kushiro,42.98,144.37,57.2,100,75,21.92,mist,JP,2020-10-23 03:57:58
440,Kirakira,-10.45,161.92,81.48,73,99,11.39,overcast clouds,SB,2020-10-23 03:57:59
441,Dicabisagan,17.08,122.42,84.88,73,100,2.8,overcast clouds,PH,2020-10-23 03:57:59
442,Shubarshi,48.59,57.19,30.96,88,15,4.16,few clouds,KZ,2020-10-23 03:57:59
443,Saint-Pierre,-21.34,55.48,77.0,65,0,11.41,clear sky,RE,2020-10-23 03:57:59
444,Santa Maria,-29.68,-53.81,64.71,89,91,8.63,overcast clouds,BR,2020-10-23 03:57:59
445,Broken Hill,-31.95,141.43,68.0,72,40,21.92,scattered clouds,AU,2020-10-23 03:58:00
446,Pesochnyy,60.12,30.16,48.99,95,100,12.77,overcast clouds,RU,2020-10-23 03:58:00
447,Mount Isa,-20.73,139.5,78.8,65,75,10.29,broken clouds,AU,2020-10-23 03:58:00
448,Aykhal,66.0,111.5,23.0,100,90,11.18,light shower snow,RU,2020-10-23 03:58:00
449,Cervo,43.67,-7.41,51.01,98,29,11.01,scattered clouds,ES,2020-10-23 03:58:00
450,Port Hardy,50.7,-127.42,42.8,93,90,4.7,light rain,CA,2020-10-23 03:58:01
451,Progreso,21.28,-89.67,80.01,83,40,4.7,scattered clouds,MX,2020-10-23 03:58:01
452,High Level,58.52,-117.14,23.0,73,90,5.82,light snow,CA,2020-10-23 03:58:01
453,Port Augusta,-32.5,137.77,62.6,100,75,13.87,thunderstorm,AU,2020-10-23 03:58:01
454,Jurm,36.86,70.83,47.23,45,6,3.87,clear sky,AF,2020-10-23 03:58:01
455,Honiara,-9.43,159.95,86.0,74,75,8.05,shower rain,SB,2020-10-23 03:58:02
456,Yulara,-25.24,130.99,77.0,33,0,16.11,clear sky,AU,2020-10-23 03:58:02
457,Kizukuri,40.81,140.39,64.99,77,75,20.8,light rain,JP,2020-10-23 03:58:02
458,Bambari,5.77,20.68,68.63,95,99,0.65,overcast clouds,CF,2020-10-23 03:58:02
459,Lander,42.83,-108.73,19.4,92,90,3.36,mist,US,2020-10-23 03:57:57
460,Kidal,18.44,1.41,81.84,15,0,10.74,clear sky,ML,2020-10-23 03:58:03
461,Matamoros,25.53,-103.25,82.4,28,5,0.67,clear sky,MX,2020-10-23 03:58:03
462,Ereymentau,51.62,73.1,31.37,85,0,16.4,clear sky,KZ,2020-10-23 03:58:03
463,Shimanovsk,52.0,127.7,34.25,83,90,10.94,overcast clouds,RU,2020-10-23 03:58:03
464,Gamba,-2.65,10.0,76.53,87,100,7.31,overcast clouds,GA,2020-10-23 03:58:04
465,Gunnedah,-30.98,150.25,86.0,40,40,13.87,scattered clouds,AU,2020-10-23 03:58:04
466,Haapiti,-17.57,-149.87,78.8,74,40,1.12,shower rain,PF,2020-10-23 03:58:05
467,Lukulu,-14.37,23.24,66.09,51,41,2.59,scattered clouds,ZM,2020-10-23 03:58:05
468,Garbolovo,60.34,30.5,48.99,95,100,10.65,overcast clouds,RU,2020-10-23 03:58:05
469,Kalianget,-7.05,113.93,86.85,61,10,7.18,clear sky,ID,2020-10-23 03:58:05
470,Saint-Jean-Port-Joli,47.22,-70.27,37.99,62,21,6.69,few clouds,CA,2020-10-23 03:58:05
471,Omboue,-1.57,9.26,76.91,86,100,7.85,light rain,GA,2020-10-23 03:58:06
472,Xambioa,-6.41,-48.54,79.68,55,2,2.93,clear sky,BR,2020-10-23 03:58:06
473,Dovolnoye,54.5,79.67,35.33,84,42,17.52,scattered clouds,RU,2020-10-23 03:58:06
474,Semirom,31.42,51.57,44.73,43,0,3.06,clear sky,IR,2020-10-23 03:58:06
475,Akyab,20.15,92.9,82.99,82,87,19.42,overcast clouds,MM,2020-10-23 03:58:06
476,Stornoway,58.21,-6.39,48.99,87,100,26.4,light rain,GB,2020-10-23 03:58:07
477,Vostok,46.49,135.88,29.84,99,100,8.28,overcast clouds,RU,2020-10-23 03:58:07
478,Betsiamites,48.94,-68.65,33.8,89,1,4.7,clear sky,CA,2020-10-23 03:58:07
479,Lac Du Bonnet,50.25,-96.06,30.0,98,99,4.12,overcast clouds,CA,2020-10-23 03:58:07
480,La Asuncion,11.03,-63.86,81.1,86,1,16.31,clear sky,VE,2020-10-23 03:54:35
481,Madang,-5.22,145.8,83.16,80,75,5.41,light rain,PG,2020-10-23 03:58:08
482,Kasangulu,-4.59,15.17,77.0,83,75,6.93,broken clouds,CD,2020-10-23 03:58:08
483,Tuy Hoa,13.08,109.3,81.9,64,66,8.99,broken clouds,VN,2020-10-23 03:58:08
484,Conde,-7.26,-34.91,75.2,100,75,3.36,broken clouds,BR,2020-10-23 03:58:08
485,Constitucion,-35.33,-72.42,49.68,83,2,12.19,clear sky,CL,2020-10-23 03:58:09
486,Bejar,40.39,-5.76,48.0,95,69,5.57,broken clouds,ES,2020-10-23 03:58:09
487,Canutama,-6.53,-64.38,73.22,95,100,0.69,moderate rain,BR,2020-10-23 03:58:09
488,Shellbrook,53.22,-106.4,23.0,79,90,11.41,overcast clouds,CA,2020-10-23 03:58:09
489,Novikovo,51.15,37.89,46.74,86,40,9.22,scattered clouds,RU,2020-10-23 03:58:10
490,Takoradi,4.88,-1.76,76.69,90,46,6.08,light rain,GH,2020-10-23 03:58:10
491,Severo-Kurilsk,50.68,156.12,47.07,77,6,9.73,clear sky,RU,2020-10-23 03:58:10
492,Elmira,42.09,-76.81,62.01,100,75,4.76,mist,US,2020-10-23 03:58:06
493,Ostrovnoy,68.05,39.51,31.68,96,100,15.64,overcast clouds,RU,2020-10-23 03:58:10
494,San Felipe,10.34,-68.74,73.6,92,43,0.98,scattered clouds,VE,2020-10-23 03:58:11
495,Liepaja,56.54,21.04,55.4,93,100,18.34,overcast clouds,LV,2020-10-23 03:58:11
496,Comitancillo,15.08,-91.72,66.0,91,100,1.92,overcast clouds,GT,2020-10-23 03:58:11
497,Oriximina,-1.77,-55.87,81.88,55,0,3.24,clear sky,BR,2020-10-23 03:58:11
498,Arak,34.09,49.69,49.62,46,0,0.92,clear sky,IR,2020-10-23 03:58:11
499,Kemi,65.86,24.82,30.2,92,90,8.05,overcast clouds,FI,2020-10-23 03:58:12
500,Dauphin,51.15,-100.05,17.6,85,1,6.93,clear sky,CA,2020-10-23 03:58:12
501,Solms,50.77,9.6,57.99,93,100,5.01,overcast clouds,DE,2020-10-23 03:58:12
502,Shirokiy,49.76,129.52,34.88,79,65,11.34,broken clouds,RU,2020-10-23 03:58:13
503,Baie-Comeau,49.22,-68.15,32.0,95,1,4.7,clear sky,CA,2020-10-23 03:58:09
504,Santa Maria Del Oro,25.93,-105.37,63.25,48,0,4.07,clear sky,MX,2020-10-23 03:58:13
505,Puerto Baquerizo Moreno,-0.9,-89.6,69.13,86,53,10.54,broken clouds,EC,2020-10-23 03:58:13
506,Parnamirim,-5.92,-35.26,75.2,94,40,4.7,scattered clouds,BR,2020-10-23 03:58:13
507,Hoi An,15.88,108.33,78.8,65,75,3.36,broken clouds,VN,2020-10-23 03:58:14
508,Vao,-22.67,167.48,74.88,85,29,15.52,scattered clouds,NC,2020-10-23 03:58:14
509,Caravelas,-17.71,-39.25,72.25,89,71,3.94,broken clouds,BR,2020-10-23 03:58:14
510,Verkhnyaya Khava,51.84,39.94,48.2,76,0,11.18,clear sky,RU,2020-10-23 03:58:14
511,Batagay,67.63,134.63,8.62,91,0,4.63,clear sky,RU,2020-10-23 03:58:14
512,Batemans Bay,-35.72,150.18,80.01,51,62,5.01,light rain,AU,2020-10-23 03:55:54
513,Solenzo,12.18,-4.08,79.65,45,74,2.35,broken clouds,BF,2020-10-23 03:58:15
514,Houma,29.6,-90.72,75.99,94,1,5.82,clear sky,US,2020-10-23 03:58:15
515,Pueblo,38.25,-104.61,41.0,60,90,12.75,overcast clouds,US,2020-10-23 03:54:27
516,San Juan,-31.54,-68.54,69.44,48,0,8.03,clear sky,AR,2020-10-23 03:58:15
517,Lapugiu De Jos,45.88,22.48,49.32,50,4,1.81,light rain,RO,2020-10-23 03:58:16
518,Dawei,14.08,98.2,86.86,59,61,1.12,broken clouds,MM,2020-10-23 03:58:16
519,Touros,-5.2,-35.46,75.2,94,40,4.7,scattered clouds,BR,2020-10-23 03:58:16
520,Hithadhoo,-0.6,73.08,83.44,76,83,14.88,broken clouds,MV,2020-10-23 03:58:16
521,Hostotipaquillo,21.07,-104.07,68.0,89,80,4.0,broken clouds,MX,2020-10-23 03:58:16
522,Todos Santos,23.45,-110.22,82.0,84,2,1.01,clear sky,MX,2020-10-23 03:58:17
523,Dhandhuka,22.37,71.98,87.06,27,3,7.02,clear sky,IN,2020-10-23 03:58:17
524,Kananga,-5.9,22.42,69.71,98,100,2.98,overcast clouds,CD,2020-10-23 03:58:17
525,Ewa Beach,21.32,-158.01,80.6,74,1,5.82,clear sky,US,2020-10-23 03:58:17
526,Semey,50.41,80.23,33.8,62,90,8.95,overcast clouds,KZ,2020-10-23 03:58:18
527,Igarka,67.47,86.58,3.96,94,100,7.99,overcast clouds,RU,2020-10-23 03:58:18
528,Morant Bay,17.88,-76.41,78.8,83,75,23.04,broken clouds,JM,2020-10-23 03:58:18
529,Saint-Augustin,51.23,-58.65,33.96,88,0,11.52,clear sky,CA,2020-10-23 03:58:19
530,Nantucket,41.28,-70.1,55.99,86,90,3.36,fog,US,2020-10-23 03:54:19
531,Teofilo Otoni,-17.86,-41.51,68.86,91,100,5.12,light rain,BR,2020-10-23 03:58:19
532,Russell,32.35,-85.2,71.6,93,1,6.4,clear sky,US,2020-10-23 03:58:19
533,Onega,63.91,38.14,32.25,98,100,15.43,snow,RU,2020-10-23 03:58:19
534,Udachnyy,66.42,112.4,23.0,100,90,11.18,light shower snow,RU,2020-10-23 03:58:20
535,Bayburt,40.26,40.23,42.75,68,0,0.07,clear sky,TR,2020-10-23 03:58:20
536,Rawah,34.48,41.91,67.66,36,4,9.31,clear sky,IQ,2020-10-23 03:58:20
537,Coquimbo,-29.95,-71.34,53.6,87,3,5.82,clear sky,CL,2020-10-23 03:58:20
538,Dire Dawa,9.59,41.87,72.18,39,98,0.18,overcast clouds,ET,2020-10-23 03:58:21
539,Kenora,49.82,-94.43,26.6,73,75,3.36,broken clouds,CA,2020-10-23 03:53:52
540,Jiaonan,35.88,119.98,62.01,36,20,8.95,few clouds,CN,2020-10-23 03:56:29
541,Burnie,-41.07,145.92,52.23,93,100,3.85,overcast clouds,AU,2020-10-23 03:58:21
542,Praya,14.92,-23.51,77.0,83,20,11.41,few clouds,CV,2020-10-23 03:58:21
543,Moba,33.23,105.02,49.69,71,99,6.93,overcast clouds,CN,2020-10-23 03:58:22
544,Kyabe,9.45,18.94,72.57,80,99,3.18,overcast clouds,TD,2020-10-23 03:58:22
545,Ochamchira,42.71,41.47,56.08,45,0,3.89,clear sky,GE,2020-10-23 03:58:22
546,Eldorado,-23.79,-54.28,72.39,53,0,6.62,clear sky,BR,2020-10-23 03:58:23
547,Tbilisskaya,45.36,40.19,49.57,74,0,5.21,clear sky,RU,2020-10-23 03:58:23
548,Zalantun,48.0,122.72,42.73,52,0,15.55,clear sky,CN,2020-10-23 03:58:23
549,Abu Zabad,12.35,29.25,77.07,60,0,4.5,clear sky,SD,2020-10-23 03:58:23
550,Maneadero,31.72,-116.57,63.0,80,17,1.01,few clouds,MX,2020-10-23 03:53:44
551,Yavas,54.42,42.85,42.89,94,100,8.16,overcast clouds,RU,2020-10-23 03:58:24
552,Chapais,49.78,-74.85,30.2,92,90,4.7,overcast clouds,CA,2020-10-23 03:58:24
553,Kruisfontein,-34.0,24.73,63.97,64,98,6.08,overcast clouds,ZA,2020-10-23 03:58:25
554,Ouadda,8.08,22.4,67.89,86,100,2.13,overcast clouds,CF,2020-10-23 03:58:25
555,Aripuana,-9.17,-60.63,74.07,93,72,1.81,heavy intensity rain,BR,2020-10-23 03:58:25
556,Rayevskiy,54.07,54.95,28.56,94,0,3.62,clear sky,RU,2020-10-23 03:58:25
557,Mbandaka,0.05,18.26,71.28,96,100,2.04,overcast clouds,CD,2020-10-23 03:58:26
558,Taitung,22.76,121.14,77.0,69,75,9.17,broken clouds,TW,2020-10-23 03:58:26
559,Trairi,-3.28,-39.27,78.78,78,76,9.66,broken clouds,BR,2020-10-23 03:58:26
560,Mwingi,-0.93,38.06,65.95,82,10,4.32,clear sky,KE,2020-10-23 03:58:26
561,Jibuti,11.5,42.5,80.6,57,1,8.1,haze,DJ,2020-10-23 03:58:27
562,Westport,41.14,-73.36,66.2,88,90,3.4,overcast clouds,US,2020-10-23 03:57:57
563,Micomeseng,2.15,10.62,68.74,99,100,1.39,light rain,GQ,2020-10-23 03:58:27
564,Kibala,9.11,18.35,73.2,80,100,3.38,overcast clouds,TD,2020-10-23 03:58:27
565,Inta,66.03,60.17,25.18,98,100,9.44,light snow,RU,2020-10-23 03:58:28
566,Ornskoldsvik,63.29,18.72,30.2,92,0,9.17,clear sky,SE,2020-10-23 03:58:28
567,Tessalit,20.2,1.01,82.18,15,0,10.02,clear sky,ML,2020-10-23 03:58:28
568,Gafanha Da Encarnacao,40.62,-8.73,55.0,91,11,5.99,few clouds,PT,2020-10-23 03:58:28
569,Mogok,22.92,96.5,66.61,100,100,2.19,light rain,MM,2020-10-23 03:55:01
570,Dalian,38.91,121.6,51.8,37,40,15.66,scattered clouds,CN,2020-10-23 03:58:29
571,Beysehir,37.68,31.72,52.38,61,47,1.39,scattered clouds,TR,2020-10-23 03:58:29
572,Berlevag,70.86,29.09,35.6,80,40,10.29,scattered clouds,NO,2020-10-23 03:58:29
573,Chara,56.91,118.26,24.33,91,20,1.3,few clouds,RU,2020-10-23 03:58:30
574,General Pico,-35.66,-63.76,58.5,94,84,8.97,broken clouds,AR,2020-10-23 03:58:30
575,Viedma,-40.81,-63.0,55.99,88,0,1.99,clear sky,AR,2020-10-23 03:58:30
576,Jiayuguan,39.82,98.3,49.96,39,81,5.26,broken clouds,CN,2020-10-23 03:58:31
577,Odienne,9.51,-7.57,71.74,82,0,2.84,clear sky,CI,2020-10-23 03:58:31
578,Brovary,50.5,30.77,55.0,93,0,4.47,clear sky,UA,2020-10-23 03:58:31
579,Praia Da Vitoria,38.73,-27.07,59.0,93,40,7.74,scattered clouds,PT,2020-10-23 03:58:31
580,Guanica,17.97,-66.91,75.99,86,100,8.68,overcast clouds,PR,2020-10-23 03:58:32
581,Maloy,61.94,5.11,41.0,69,10,5.82,clear sky,NO,2020-10-23 03:58:33
582,Tommot,58.96,126.29,26.2,89,0,2.89,clear sky,RU,2020-10-23 03:58:33
583,Sarkikaraagac,38.08,31.37,52.29,64,41,2.55,scattered clouds,TR,2020-10-23 03:58:34
584,Evensk,61.95,159.23,37.17,85,88,1.12,overcast clouds,RU,2020-10-23 03:58:34
585,Tete,-16.16,33.59,75.2,60,20,6.93,few clouds,MZ,2020-10-23 03:58:34
586,Mulege,26.88,-111.98,77.32,60,0,3.49,clear sky,MX,2020-10-23 03:58:34
587,Laurel,39.1,-76.85,66.0,93,1,4.36,clear sky,US,2020-10-23 03:57:37
588,Flin Flon,54.77,-101.86,23.88,91,82,8.05,broken clouds,CA,2020-10-23 03:58:35
589,Yaan,7.38,8.57,73.9,94,93,5.99,overcast clouds,NG,2020-10-23 03:58:35
590,Porto Velho,-8.76,-63.9,77.0,94,75,3.36,broken clouds,BR,2020-10-23 03:56:07
591,Road Town,18.42,-64.62,82.0,86,0,8.99,clear sky,VG,2020-10-23 03:58:35
592,Camopi,3.17,-52.32,73.38,91,10,3.58,clear sky,GF,2020-10-23 03:58:36
593,Shar,49.59,81.05,42.39,69,100,12.21,light rain,KZ,2020-10-23 03:58:36
594,Maldonado,-34.67,-54.92,60.01,100,90,11.41,mist,UY,2020-10-23 03:58:36
595,Krapivinskiy,55.0,86.81,33.8,86,90,11.18,light shower snow,RU,2020-10-23 03:58:36
596,Dunedin,-45.87,170.5,55.0,80,99,17.0,overcast clouds,NZ,2020-10-23 03:58:36
597,Hisar,29.17,75.72,83.37,20,0,3.09,clear sky,IN,2020-10-23 03:58:37
598,Sri Aman,1.24,111.46,86.0,74,40,2.24,scattered clouds,MY,2020-10-23 03:58:37
599,Pietarsaari,63.65,22.68,37.0,100,75,4.7,broken clouds,FI,2020-10-23 03:58:37
600,Hrubieszow,50.8,23.89,48.52,83,100,7.29,overcast clouds,PL,2020-10-23 03:58:38
601,Mana,5.66,-53.78,80.85,82,43,13.71,scattered clouds,GF,2020-10-23 03:58:38
602,Bowen,-20.02,148.23,86.0,45,75,9.17,broken clouds,AU,2020-10-23 03:58:38
603,Farkhor,37.49,69.4,55.4,37,75,6.71,broken clouds,TJ,2020-10-23 03:58:39
604,Ulladulla,-35.35,150.47,80.6,54,76,16.11,broken clouds,AU,2020-10-23 03:58:39
605,Solano,38.23,-121.95,64.0,23,1,4.7,clear sky,US,2020-10-23 03:58:39
606,Cacahuatepec,16.89,-99.61,76.51,88,47,1.97,scattered clouds,MX,2020-10-23 03:58:39
607,Kargat,55.2,80.28,35.42,85,45,15.86,scattered clouds,RU,2020-10-23 03:58:40
608,Niort,46.33,-0.33,59.0,93,100,3.33,overcast clouds,FR,2020-10-23 03:58:40
609,Denpasar,-8.65,115.22,87.8,74,40,12.75,scattered clouds,ID,2020-10-23 03:58:40
610,Boa Vista,2.82,-60.67,82.4,69,0,5.82,clear sky,BR,2020-10-23 03:58:40
611,Seymchan,62.88,152.43,31.41,80,33,4.59,scattered clouds,RU,2020-10-23 03:58:40
612,Kamaishi,39.27,141.88,60.8,93,75,5.82,light intensity shower rain,JP,2020-10-23 03:58:41
613,Gumia,23.78,85.82,83.21,64,0,7.72,clear sky,IN,2020-10-23 03:58:41
614,Dillon,34.42,-79.37,70.0,93,1,4.05,clear sky,US,2020-10-23 03:58:41
615,Lakheri,25.67,76.17,73.4,53,20,0.45,haze,IN,2020-10-23 03:58:42
616,Eregli,37.51,34.05,51.67,56,0,2.55,clear sky,TR,2020-10-23 03:58:42
617,Kapit,2.02,112.93,90.34,56,99,2.46,overcast clouds,MY,2020-10-23 03:58:42
618,Gemena,3.25,19.77,68.86,98,100,2.53,overcast clouds,CD,2020-10-23 03:58:42
619,Marigot,18.07,-63.08,82.4,78,20,6.93,few clouds,MF,2020-10-23 03:58:42
620,Sept-Iles,50.2,-66.38,34.0,80,75,7.78,broken clouds,CA,2020-10-23 03:54:22
621,Baghdad,33.34,44.4,62.6,39,0,6.93,clear sky,IQ,2020-10-23 03:58:43
622,Jiaozhou,36.28,120.0,62.01,35,20,8.95,few clouds,CN,2020-10-23 03:58:43
623,Komsomolskiy,40.43,71.72,53.6,54,75,11.41,light rain,UZ,2020-10-23 03:58:43
624,Koslan,63.46,48.9,18.54,97,45,6.44,scattered clouds,RU,2020-10-23 03:58:43
625,Hendaye,43.37,-1.77,60.8,87,0,2.24,clear sky,FR,2020-10-23 03:58:44
626,Vega De Alatorre,20.03,-96.63,76.86,80,0,2.77,clear sky,MX,2020-10-23 03:58:44
627,General Roca,-39.03,-67.58,62.6,72,0,6.93,clear sky,AR,2020-10-23 03:58:44
628,Pufesti,46.0,27.2,37.4,100,0,1.12,clear sky,RO,2020-10-23 03:58:44
629,Teya,60.38,92.63,30.34,91,98,11.5,overcast clouds,RU,2020-10-23 03:58:45
630,Mimongo,-1.62,11.61,70.32,95,100,3.53,light rain,GA,2020-10-23 03:58:45
631,Siderno,38.28,16.3,44.01,25,0,6.64,clear sky,IT,2020-10-23 03:58:45
632,Saldanha,-33.01,17.94,59.0,87,46,10.29,scattered clouds,ZA,2020-10-23 03:58:45
633,Najran,17.49,44.13,60.8,23,0,4.7,clear sky,SA,2020-10-23 03:58:46
634,Qeshm,26.96,56.27,71.6,26,0,9.17,clear sky,IR,2020-10-23 03:58:46
635,Tutoia,-2.76,-42.27,80.65,80,40,15.19,scattered clouds,BR,2020-10-23 03:58:46
636,Pacific Grove,36.62,-121.92,60.01,87,90,4.7,overcast clouds,US,2020-10-23 03:58:29
637,Quatre Cocos,-20.21,57.76,77.0,73,40,12.75,scattered clouds,MU,2020-10-23 03:58:47
638,Khandyga,62.67,135.6,19.9,88,97,2.55,overcast clouds,RU,2020-10-23 03:58:47
639,Oksfjord,70.24,22.35,30.99,92,100,6.93,overcast clouds,NO,2020-10-23 03:58:47
640,Somerset West,-34.08,18.82,60.01,93,75,6.93,broken clouds,ZA,2020-10-23 03:58:48
641,Mehamn,71.04,27.85,35.6,80,40,10.29,scattered clouds,NO,2020-10-23 03:58:48
642,Tadine,-21.55,167.88,78.6,75,99,13.0,overcast clouds,NC,2020-10-23 03:58:48
643,Tigil,57.8,158.67,42.76,70,0,1.68,clear sky,RU,2020-10-23 03:58:48
644,Jurado,7.11,-77.76,77.61,88,100,2.21,moderate rain,CO,2020-10-23 03:58:49
645,Stromness,58.97,-3.3,46.4,93,100,13.87,light rain,GB,2020-10-23 03:58:49
646,Los Andes,-32.83,-70.6,62.01,67,42,8.05,scattered clouds,CL,2020-10-23 03:58:49
647,Almaznyy,48.04,40.05,53.6,93,40,8.95,scattered clouds,RU,2020-10-23 03:58:50
648,Wanaka,-44.7,169.15,62.82,44,98,5.95,overcast clouds,NZ,2020-10-23 03:58:50
649,Menongue,-14.66,17.69,61.7,75,0,4.61,clear sky,AO,2020-10-23 03:58:50
650,Puerto Carreno,6.19,-67.49,80.26,82,90,2.66,light rain,CO,2020-10-23 03:58:20
651,Fiche,9.8,38.73,46.58,69,60,0.98,broken clouds,ET,2020-10-23 03:58:51
652,Mandalgovi,45.76,106.27,46.36,45,0,11.63,clear sky,MN,2020-10-23 03:58:51
653,Albury,-36.08,146.92,70.0,83,100,5.82,moderate rain,AU,2020-10-23 03:55:26
654,Ponta Delgada,37.73,-25.67,60.8,67,75,5.82,broken clouds,PT,2020-10-23 03:58:52
655,Penzance,50.12,-5.54,51.01,93,42,5.82,scattered clouds,GB,2020-10-23 03:58:52
656,Banamba,13.55,-7.45,76.6,33,12,4.97,few clouds,ML,2020-10-23 03:58:52
657,Ocampo,21.65,-101.5,56.95,46,1,4.76,clear sky,MX,2020-10-23 03:58:52
658,Shimoda,34.67,138.95,68.0,94,75,6.93,mist,JP,2020-10-23 03:58:52
659,Santa Lucia,27.91,-15.54,68.0,64,20,9.17,few clouds,ES,2020-10-23 03:58:53
660,Polonnaruwa,7.93,81.0,90.59,45,92,13.15,overcast clouds,LK,2020-10-23 03:58:53
661,Mareeba,-17.0,145.43,88.0,58,2,10.29,clear sky,AU,2020-10-23 03:58:53
662,Valparaiso,-33.04,-71.63,51.8,100,90,4.7,overcast clouds,CL,2020-10-23 03:58:24
663,Sainte-Maxime,43.3,6.63,64.0,93,100,4.7,overcast clouds,FR,2020-10-23 03:55:44
664,Petropavlovsk-Kamchatskiy,53.05,158.65,51.8,43,38,6.71,scattered clouds,RU,2020-10-23 03:58:54
665,Nishihara,26.18,127.76,71.6,88,90,14.99,light intensity shower rain,JP,2020-10-23 03:58:54
666,Uvat,59.14,68.9,22.06,96,100,11.16,light snow,RU,2020-10-23 03:58:54
667,Santa Rita,-7.11,-34.98,75.2,100,75,3.36,broken clouds,BR,2020-10-23 03:58:54
668,Avera,33.19,-82.53,71.6,94,90,3.36,overcast clouds,US,2020-10-23 03:58:55
669,Caibarien,22.52,-79.47,77.0,94,40,6.93,scattered clouds,CU,2020-10-23 03:58:55
670,Pingdingshan,33.74,113.3,64.54,27,0,7.38,clear sky,CN,2020-10-23 03:58:55
671,Nkowakowa,-23.89,30.29,60.8,72,0,6.93,clear sky,ZA,2020-10-23 03:58:55
672,Cape Canaveral,28.41,-80.6,80.6,83,20,9.17,few clouds,US,2020-10-23 03:58:56
673,Zhob,31.34,69.45,63.84,20,0,2.62,clear sky,PK,2020-10-23 03:58:56
674,Arman,59.7,150.17,36.7,76,95,8.28,overcast clouds,RU,2020-10-23 03:58:56
675,San Quintin,30.48,-115.95,64.33,79,94,3.71,overcast clouds,MX,2020-10-23 03:58:56
